silhouette_Coefficient,calinski_harabasz_score,fmi_score,run_time,num_iterations,method
0.5699521102039786,445.91269994230987,0.8231440523993313,0.057337045669555664,300,KMeans
0.5699521102039786,445.91269994230987,0.8231440523993313,0.008375167846679688,300,FCM
0.5699521102039786,445.91269994230987,0.8231440523993313,0.004378080368041992,300,KMeans -> FCM
0.5699521102039786,445.91269994230987,0.8231440523993313,0.11384320259094238,300,FCM -> KMeans
0.5699521102039786,445.91269994230987,0.8231440523993313,0.00020122528076171875,300,FCM -> FCM
